,phrase,label,sentiment,subjectivity,language,count
Delhi,,,,,,
India,,,,,,
Uttar Pradesh,,,,,,
Delhi-NCR,,,,,,
North India,,,,,,
Noida,,,,,,
California,,,,,,
Nepal,,,,,,
Mumbai,,,,,,
U.S.,,,,,,
Chandigarh,,,,,,
Lucknow,,,,,,
KwaZulu-Natal,,,,,,
US,,,,,,
Ukraine,,,,,,
Jharkhand,,,,,,
Punjab,,,,,,
New York,,,,,,
Hyderabad,,,,,,
Texas,,,,,,
Himachal,,,,,,
Eastern Cape,,,,,,
Japan,,,,,,
Oregon,,,,,,
Chennai,,,,,,
Haryana,,,,,,
Canada,,,,,,
Terai,,,,,,
New Delhi,,,,,,
Tarai,,,,,,
Rajasthan,,,,,,
Florida,,,,,,
Russia,,,,,,
Gurgaon,,,,,,
Kolkata,,,,,,
the Eastern Cape,,,,,,
Ghaziabad,,,,,,
North,,,,,,
Midwest,,,,,,
Kathmandu,,,,,,
Kashmir,,,,,,
NCR,,,,,,
Pacific,,,,,,
San Francisco,,,,,,
Northeast,,,,,,
Nepals,,,,,,
Missouri,,,,,,
Shanghai,,,,,,
France,,,,,,
Jammu,,,,,,
Pokrovsk,,,,,,
Light Ivory,,,,,,
Iran,,,,,,
Illinois,,,,,,
Minnesota,,,,,,
the Kathmandu Valley,,,,,,
Lukla,,,,,,
Sarajevo,,,,,,
Bihar,,,,,,
Ranchi,,,,,,
China,,,,,,
NEW DELHI,,,,,,
Northern India,,,,,,
Kathmandu Valley,,,,,,
Maine,,,,,,
Himalayas,,,,,,
Himachal Pradesh,,,,,,
Bengaluru,,,,,,
Fresno,,,,,,
Koshi,,,,,,
UK,,,,,,
Earth,,,,,,
Tamil Nadu,,,,,,
Pradesh,,,,,,
Ireland,,,,,,
Houston,,,,,,
Ivory,,,,,,
Malaysia,,,,,,
Chile,,,,,,
Gauteng,,,,,,
Uttarakhand,,,,,,
Madhya Pradesh,,,,,,
SARAJEVO,,,,,,
Kansas,,,,,,
Bosnia-Herzegovina,,,,,,
Galveston,,,,,,
Mohali,,,,,,
London,,,,,,
Manitoba,,,,,,
Beijing,,,,,,
Bengal,,,,,,
Germany,,,,,,
Italy,,,,,,
Brooklyn,,,,,,
North Carolina,,,,,,
Vancouver Island,,,,,,
Mount Everest,,,,,,
Alaska,,,,,,
England,,,,,,
New Jersey,,,,,,
Venezuela,,,,,,
Southern California,,,,,,
Australia,,,,,,
San Francisco's,,,,,,
Valley,,,,,,
San Francisco’s,,,,,,
America,,,,,,
Pennsylvania,,,,,,
Mars,,,,,,
Donetsk,,,,,,
Tripura,,,,,,
Central Valley,,,,,,
Vaishali,,,,,,
PORTLAND,,,,,,
Argentina,,,,,,
San Antonio,,,,,,
the Texas Gulf Coast,,,,,,
Arctic,,,,,,
Courcheval,,,,,,
Liverpool,,,,,,
Balochistan,,,,,,
Will Delhi,,,,,,
Telangana,,,,,,
Karnataka,,,,,,
Bagmati,,,,,,
Calif.,,,,,,
Burdur,,,,,,
Antalya,,,,,,
Srinagar,,,,,,
Overland Park,,,,,,
Jaleshwor,,,,,,
Minakami,,,,,,
Wales,,,,,,
North Island,,,,,,
Gunma Prefecture,,,,,,
Northern,,,,,,
Eastern,,,,,,
Underground,,,,,,
West Asia,,,,,,
Maharashtra,,,,,,
Mpumalanga,,,,,,
hermès ginza,,,,,,
Mount Fuji,,,,,,
the Atacama Desert,,,,,,
Cavan,,,,,,
Barley,,,,,,
Melbourne,,,,,,
Hawaii,,,,,,
Monaghan,,,,,,
Shinnecock Hills,,,,,,
Oyster,,,,,,
Louth,,,,,,
Sydney,,,,,,
Western Cape,,,,,,
Doeskin,,,,,,
SHANGHAI,,,,,,
the Northern Cape,,,,,,
Vijayawada,,,,,,
Washington,,,,,,
Colorado,,,,,,
Alpine White,,,,,,
Lightroom,,,,,,
HOUSTON,,,,,,
The Kathmandu Valley,,,,,,
DC,,,,,,
Arunachal Pradesh,,,,,,
"Washington,",,,,,,
Milwaukee,,,,,,
SAN FRANCISCO,,,,,,
west coast,,,,,,
Wisconsin,,,,,,
Philippines,,,,,,
South,,,,,,
Metro Vancouver,,,,,,
Gatlinburg,,,,,,
Perth,,,,,,
Nevada,,,,,,
Bay Area,,,,,,
the United States,,,,,,
Chicago,,,,,,
Iceland,,,,,,
Philadelphia,,,,,,
Georgia,,,,,,
TOKYO,,,,,,
South Carolina,,,,,,
Lake Superior,,,,,,
Bayfield,,,,,,
Norway,,,,,,
Indiana,,,,,,
Kilkenny,,,,,,
the Saudi Arabia season,,,,,,
WASHINGTON,,,,,,
Arizona,,,,,,
the Antarctic Plateau,,,,,,
Ocean Beach,,,,,,
St. Louis,,,,,,
tr><td,,,,,,
Southampton,,,,,,
laddoos,,,,,,
Nuh,,,,,,
Faridabad,,,,,,
Western Australia,,,,,,
Connacht,,,,,,
the Bay Area,,,,,,
Bareilly,,,,,,
Rairangpur,,,,,,
Kandahar,,,,,,
ITALY,,,,,,
CORTINA D'AMPEZZO,,,,,,
Northern California,,,,,,
Donbas,,,,,,
Austin,,,,,,
Nootka,,,,,,
Bangalore,,,,,,
U.S. Alpine,,,,,,
Dubai,,,,,,
the Bay of Bengal,,,,,,
Colaba,,,,,,
Assam,,,,,,
Carpathians,,,,,,
Pakistan,,,,,,
NYC,,,,,,
Berlin,,,,,,
Los Angeles,,,,,,
Dakota,,,,,,
Lemmon,,,,,,
New Zealand,,,,,,
JUNEAU,,,,,,
Wexford,,,,,,
the Faroe Islands,,,,,,
Carlow,,,,,,
New Hampshire,,,,,,
Boston,,,,,,
Wicklow,,,,,,
Vermont,,,,,,
Zaporizhia,,,,,,
Netherlands,,,,,,
New York City,,,,,,
New South Wales,,,,,,
Berkeley,,,,,,
Waterford,,,,,,
Florence,,,,,,
Kyiv,,,,,,
Thailand,,,,,,
Las Vegas,,,,,,
Dallas,,,,,,
Brescia,,,,,,
Daly City,,,,,,
Mahwah,,,,,,
Klaksvík,,,,,,
Fort Lauderdale,,,,,,
Alabama,,,,,,
San Luis Obispo County,,,,,,
Warminster,,,,,,
Jagalchi,,,,,,
Crystal Galaxite Black,,,,,,
Italia,,,,,,
Michigan,,,,,,
Haywood County,,,,,,
Berwick,,,,,,
Carmine Red,,,,,,
Maryland,,,,,,
Denton,,,,,,
Venus,,,,,,
Ozarks,,,,,,
North America,,,,,,
Tijuana,,,,,,
Bellroy,,,,,,
Burnet,,,,,,
Utah,,,,,,
New Mexico,,,,,,
the north Atlantic,,,,,,
Montana,,,,,,
Grand Rapids,,,,,,
Switzerland,,,,,,
Westport,,,,,,
Denver,,,,,,
Vail,,,,,,
Seattle,,,,,,
National Parks,,,,,,
Western Maine,,,,,,
Thamesmead,,,,,,
Rochester,,,,,,
San Diego County,,,,,,
the White Mountains,,,,,,
Black Dakota,,,,,,
the Green Mountains,,,,,,
Soelden,,,,,,
Atlanta,,,,,,
Kupiansk,,,,,,
Mississippi,,,,,,
Türkiye,,,,,,
Phoenix,,,,,,
Victorian alps,,,,,,
Sanlitun,,,,,,
Sealy,,,,,,
Ont,,,,,,
Huron,,,,,,
San Diego,,,,,,
Clinton,,,,,,
M.D.,,,,,,
Tenerife,,,,,,
Ethiopia,,,,,,
Decatur,,,,,,
Manheim,,,,,,
the San Francisc,,,,,,
StingerHawk,,,,,,
Forest River,,,,,,
Ulster,,,,,,
the Hope Valley,,,,,,
Langley,,,,,,
BC,,,,,,
Hope Valley,,,,,,
Manhattan,,,,,,
Mexico City,,,,,,
Kansas City,,,,,,
Mediterranean,,,,,,
Cuba,,,,,,
NEW YORK,,,,,,
Atacama Desert,,,,,,
Lusitania,,,,,,
Gandaki,,,,,,
Hubble,,,,,,
Patna,,,,,,
Tulare County,,,,,,
Connecticut,,,,,,
ANTALYA,,,,,,
Hercules,,,,,,
the Milky Way,,,,,,
Red Nappa,,,,,,
the Olimpia delle,,,,,,
Madhes,,,,,,
Kuala Lumpur,,,,,,
Tiruchirappalli,,,,,,
Delhi-,,,,,,
Tokyo,,,,,,
Wuthering Heights,,,,,,
Yorkshire,,,,,,
Lancaster,,,,,,
York,,,,,,
Brazil,,,,,,
the Middle East,,,,,,
Bluetoot,,,,,,
St. Patrick’s,,,,,,
Port Arthur,,,,,,
Northern Ontario,,,,,,
Antarctica,,,,,,
Queenstown,,,,,,
the Great Lakes,,,,,,
Dunedin,,,,,,
Christchurch,,,,,,
North islands,,,,,,
Wellington,,,,,,
the South Island,,,,,,
Iraq,,,,,,
Va,,,,,,
Jewar,,,,,,
Gagosian Hong Kong,,,,,,
Tofino,,,,,,
RM223k,,,,,,
the Northern hemisphere,,,,,,
Auckland,,,,,,
Brittany,,,,,,
Pozla,,,,,,
Oklahoma,,,,,,
Qatar,,,,,,
"149,900British Columbia",,,,,,
Naples,,,,,,
the San Francisco Bay,,,,,,
British Columbia’s,,,,,,
San Francisco Bay,,,,,,
CHICAGO,,,,,,
Saint John,,,,,,
aquat,,,,,,
Regina,,,,,,
the Namib Desert,,,,,,
Atlantic City,,,,,,
Muskoka,,,,,,
Long Island,,,,,,
Por,,,,,,
Cayman,,,,,,
Porsche Cayman,,,,,,
Asia-Pacific Growth and,,,,,,
Mayfair,,,,,,
Khabarhub,,,,,,
Shahed,,,,,,
the San Francisco Bay Area,,,,,,
Cursed Seaside Town,,,,,,
Widows Bay,,,,,,
Cobar,,,,,,
Brussels,,,,,,
NSW,,,,,,
Wh…,,,,,,
Scorpio,,,,,,
Athens,,,,,,
Belgium,,,,,,
Vanderbilt,,,,,,
L’Echo,,,,,,
the Southern Hemisphere,,,,,,
Adelaide,,,,,,
Kudoyama,,,,,,
weath,,,,,,
Colombia,,,,,,
Newest Delhi,,,,,,
Parchment,,,,,,
Trollstigen,,,,,,
Washington State,,,,,,
the Faroe Islands',,,,,,
Kurali,,,,,,
Vágar,,,,,,
Shimla,,,,,,
Shimla Himachal Pradesh,,,,,,
Indias,,,,,,
Alicante,,,,,,
Britain,,,,,,
New Sobek,,,,,,
South Bay,,,,,,
Charlestown,,,,,,
Poway,,,,,,
Coimbatore,,,,,,
Venice,,,,,,
Central Park,,,,,,
Misso…,,,,,,
Ooty,,,,,,
Sentinel-1C,,,,,,
Chhattisgarh,,,,,,
Terra Dakota,,,,,,
Karnal,,,,,,
foggy ocean,,,,,,
Malibu,,,,,,
Europe,,,,,,
Ladakh,,,,,,
West Bengal,,,,,,
West Uttar,,,,,,
Weather Ireland,,,,,,
Miami,,,,,,
the Central Valley,,,,,,
Goa,,,,,,
the Gulf Stream,,,,,,
Asia,,,,,,
The Republic of Ireland,,,,,,
Mountain,,,,,,
DENVER,,,,,,
The North Sea,,,,,,
the Troll Peninsula,,,,,,
Akureyri,,,,,,
Atmospheric river,,,,,,
SINGAPORE,,,,,,
ATLANTA,,,,,,
the Bay of Ranobe,,,,,,
south Fl,,,,,,
SLO County,,,,,,
Beige Dakota,,,,,,
Moscow,,,,,,
Ukrainian,,,,,,
Dublin,,,,,,
Kildare,,,,,,
Laois,,,,,,
Longford,,,,,,
Meath,,,,,,
Offaly,,,,,,
Westmeath,,,,,,
Pune,,,,,,
Stuttgart,,,,,,
Deventer,,,,,,
MB-Tex,,,,,,
Great Lakes,,,,,,
Kharkiv,,,,,,
Ambolimailaky,,,,,,
Aya Nagar,,,,,,
the North Atlantic Ocean,,,,,,
TORONTO,,,,,,
Brentwood,,,,,,
Tri-Cities region,,,,,,
U.K.,,,,,,
the United Kingdom,,,,,,
Castora,,,,,,
DelhiNew York,,,,,,
the Central Coast,,,,,,
Fujian Province,,,,,,
Unsplash,,,,,,
West Germany,,,,,,
nationsthe United States,,,,,,
Amethi,,,,,,
Bay of Bengal,,,,,,
Ollama,,,,,,
the southwest Bay,,,,,,
Karaikal,,,,,,
Puducherry,,,,,,
the Bay of … Tamil Nadu,,,,,,
Tyria,,,,,,
Unending Ocean,,,,,,
Manchester,,,,,,
Caernarfon,,,,,,
Meerut,,,,,,
Varanasi,,,,,,
Kanpur,,,,,,
NC,,,,,,
headlinesbut,,,,,,
Yundang Lake,,,,,,
Delhi-NCR's,,,,,,
Chennaiites,,,,,,
Moutcha Bay,,,,,,
Newton Cove,,,,,,
sn,,,,,,
National Capital Region,,,,,,
Punj,,,,,,
Jamshedpur,,,,,,
Bandra East,,,,,,
Eastern India,,,,,,
Calgary,,,,,,
ISTANBUL,,,,,,
Amritsar,,,,,,
MANILA,,,,,,
New Zealand's,,,,,,
Totonicapan,,,,,,
Guatemala,,,,,,
Somerset,,,,,,
Santa Clara,,,,,,
cancella,,,,,,
Longreads,,,,,,
Sudurpaschim,,,,,,
mo…,,,,,,
Chukotka,,,,,,
Darjeeling,,,,,,
Ratmanov Island,,,,,,
Belfast,,,,,,
Galgibaga,,,,,,
Chinas,,,,,,
Mayurbhanj,,,,,,
Safdarjung,,,,,,
Bronx,,,,,,
Ballymurphy,,,,,,
Donegal,,,,,,
Munster,,,,,,
Faroe Islands,,,,,,
J&K,,,,,,
KALSOY ISLAND,,,,,,
Guwahati,,,,,,
UP,,,,,,
west Belfast,,,,,,
regula…,,,,,,
