day,sentiment_mean,sentiment_std,subjectivity_mean,subjectivity_std,counting
2025-10-10,0.6234155070971492,1.1641198748359833,0.49915145843057207,0.45760417038644136,3.0
2025-10-11,0.30758846120976546,0.707831890382316,0.09316661181240113,0.7094411697646272,5.0
2025-10-12,1.2435393806933384,0.6272594076230823,1.0152841821336864,0.1630364539005494,2.0
2025-10-13,-0.12351612992098526,0.6173412569577456,-0.05418026411080075,0.8198302989677294,11.0
2025-10-14,-0.05001072507494128,0.6893913280972904,0.106521746941948,1.0039395998632825,13.0
2025-10-15,0.5860501610238151,1.0267321008954098,-0.2569420264971834,1.2025469933933477,7.0
2025-10-16,0.17364964231224325,0.8659297333739094,0.04023314586523856,0.937725282306861,10.0
2025-10-17,0.08643457349414531,0.8618487274528854,0.19235657740294926,0.8908769334633817,9.0
2025-10-18,0.021569150839262752,1.0305033856457564,0.7727075143000708,0.09277344647076326,2.0
2025-10-19,0.45387059868651897,0.584964613207833,0.3271869887585448,1.0350147785644093,4.0
2025-10-20,0.08897873554314295,0.8537048344345253,-0.049445150794925175,0.865979374278842,8.0
2025-10-21,0.16562472998845498,0.3473888625463994,-0.09872666684227506,0.6595721206048235,5.0
2025-10-22,0.0011797641008131077,0.7116872558089998,0.4343292762203768,0.39860901615134586,9.0
2025-10-23,-0.24049038166597622,0.7937751862108681,0.10892144240216053,0.5874952191060239,8.0
2025-10-24,-0.3561560013551399,0.40576169773957693,-0.48019411324923283,0.9560644445709066,10.0
2025-10-25,-0.26557075603676666,0.8759283664516243,0.09393648843621841,0.7560900036125708,5.0
2025-10-26,0.0007820382237034296,1.348222777273128,0.9050101669595838,0.4503619855260561,4.0
2025-10-27,0.37517644054969723,0.7395561302233745,0.5709750407169376,1.1490502227250798,11.0
2025-10-28,0.3534040684851786,0.5938274117270532,0.08672361965681095,1.0779268186372255,11.0
2025-10-29,-0.2572412827879772,1.0642943549694035,0.27486538427790386,1.083189161390288,18.0
2025-10-30,0.41862698809518456,0.4791133092279796,0.23166666912714848,0.8626788619174771,11.0
2025-10-31,0.1526919161251703,0.713317637920259,-0.044324079087400194,1.0520542132188258,14.0
2025-11-01,0.42398209991449803,0.9155642054504608,0.10490913879122539,0.652548792865728,15.0
2025-11-02,0.002198922752551772,0.5084506822853597,0.007291791537502812,0.9501073270242779,6.0
2025-11-03,0.23271072464508627,0.693220751002872,0.19857351924457173,0.721396240966619,16.0
2025-11-04,0.21223304959586528,1.219197616184933,-0.15256642593313324,1.0219874272028044,26.0
2025-11-05,0.1505190706560574,1.0052592324899425,0.04414760022975209,0.798964200133194,29.0
2025-11-06,-0.03384032748336248,0.7135608237897137,0.21975061037433952,0.7475212451113744,26.0
2025-11-07,-0.007062983912550674,0.7348322783082671,0.25262442591973183,0.7284772568170521,22.0
2025-11-08,0.04609063746971115,0.4775065745096916,0.023457493048935463,0.8684127315342957,8.0
2025-11-09,0.6257702224622885,0.5257598766022114,0.2574976171657957,0.6371336970796374,15.0
2025-11-10,-0.042169022790732175,0.6453117132280914,0.36417679294191335,0.7176780055650583,21.0
2025-11-11,0.047032696122817526,1.011201009921474,0.03747103191905942,0.9961587444868362,31.0
2025-11-12,-0.1802908616642703,0.9841233653848592,-0.06399147969519117,1.2495213467242992,10.0
2025-11-13,0.050241429377406596,0.40764678453639613,1.1059767688864384,0.3260217631239468,2.0
2025-11-14,-0.2545423267114951,1.0,-1.5461597990385976,1.0,1.0
2025-11-16,1.6570000928772222,1.0,0.20126616160417582,1.0,1.0
2025-11-17,0.09879874327933622,0.8379082192431525,-0.18407777832351252,0.3500934020428961,2.0
2025-11-18,0.05378787878787878,1.0,0.6181818181818182,1.0,1.0
2025-11-19,-1.1326537034720108,1.0,0.6662269735834104,1.0,1.0
2025-11-21,-0.3318875154241526,0.8585357559656318,-0.06650819282957968,0.4653457585627286,4.0
2025-11-22,-0.7444157178723736,0.5458528201205971,0.33741407661479034,0.5059702063273274,4.0
2025-11-24,-0.33496374311119564,0.4265698163320071,-0.2596230769064153,0.744286093098911,2.0
2025-11-25,-1.1188240317695868,1.019641974161896,0.6699943758172849,0.3024413401894001,3.0
2025-11-26,-0.5289512936172073,0.17024599969040763,0.1824434683313004,0.8718041266526445,3.0
2025-11-27,0.280073782836062,0.555878383266069,-0.4095222513590765,1.4403998345182558,2.0
2025-11-28,-0.2469226320153083,1.0,-0.5970286242912926,1.0,1.0
2025-11-29,0.8653042061274397,1.0,-0.2295877072407104,1.0,1.0
2025-12-01,0.2872657942126348,0.7979008037338131,0.43406618946638614,1.4652946717672226,4.0
2025-12-02,0.9585237559872458,0.6486048484638517,0.04101750611786751,0.35635556644378596,3.0
2025-12-04,-0.6228226474792004,1.0,-0.38090588419175275,1.0,1.0
2025-12-05,-0.23317478901690414,1.0,-0.13977344890126603,1.0,1.0
2025-12-06,0.15584415584415584,1.0,0.4837662337662338,1.0,1.0
2025-12-08,0.8348585589656227,0.6786224821099931,0.18085650131035397,0.6422558951104653,2.0
2025-12-09,0.5614725845027301,1.0,-0.3584154331590546,1.0,1.0
2025-12-10,2.0719986484827975,1.0,1.3336303334840636,1.0,1.0
2025-12-11,-0.2127734611427316,1.3009071144611157,-0.02043990380156857,0.9710936108302204,2.0
2025-12-12,-0.11309696369782388,0.69267503434192,-0.7217595320074702,2.533543599404066,2.0
2025-12-13,-0.4700247268272496,1.0,1.2524876276287378,1.0,1.0
2025-12-14,-0.7208195393307806,0.2629896758804648,0.07406707367355189,0.787535048697542,2.0
2025-12-15,-0.03160011251480202,1.0134490351933902,-0.14281233249102626,0.7438296692887847,16.0
2025-12-16,0.19752501544623455,0.8731156003699518,-0.026853382932588286,0.6032336388141744,10.0
2025-12-17,-0.16144283087026803,0.4951199669318286,-0.05535284335725823,0.7536560044065838,6.0
2025-12-18,-0.36668491699739136,0.8534126283294503,0.15439830987501646,0.8718956331865233,11.0
2025-12-19,0.2957544362797149,0.618095733015057,-0.23267710824724805,1.0379228060491354,8.0
2025-12-20,0.12766056134767798,1.013407290335937,0.14739017826967324,1.4529847982877881,12.0
2025-12-21,-0.08257704993789271,0.8909294455365097,-0.027107614781622144,0.7358934351308875,9.0
2025-12-22,0.352149586724956,0.6678403831675771,0.2759611366977586,1.0407265267546568,7.0
2025-12-23,-0.02477724114796353,0.8334389937001391,-0.16479151918428753,0.8843931673659933,7.0
2025-12-24,-0.3404842944871934,2.28668251048177,0.13728823348866084,0.42470761962435005,2.0
2025-12-25,-0.1958506379466522,1.0103280336560372,-0.3953309507655749,0.6747605479951563,4.0
2025-12-26,-0.08812326886598454,1.898345591121004,0.6700300440661273,0.901660094396135,2.0
2025-12-27,-0.18808731660101058,0.4657608703148319,-0.31831306548679345,0.6392476086936473,5.0
2025-12-28,-0.35178259314169735,0.7484917619936868,0.6582204209655218,0.8761070054747919,4.0
2025-12-29,-0.06478876092708301,1.434230472224035,0.17368354251816676,0.9577429257188694,10.0
2025-12-30,0.056718902216910366,1.1873110336755934,-0.49711801785664417,1.042612644074869,6.0
2025-12-31,-0.4561792067630367,0.882799007523931,0.6352162079013761,1.0724623714198067,9.0
2026-01-01,0.17034645728948375,0.8913199708266147,-0.2500007378927351,1.585593666967277,7.0
2026-01-02,-0.1763244895051459,1.2625487498034884,0.7227503166554943,1.0311562473638665,10.0
2026-01-03,-0.3829233494993295,0.719923161853365,0.2951271716655285,0.47886766086869836,2.0
2026-01-04,-0.8462023831623696,1.1708221611288314,0.21894507315745826,0.9303500753813351,6.0
2026-01-05,-0.42981525534014875,0.5029687719885292,-0.15681216163770811,0.9058939265063471,7.0
2026-01-06,-0.6426093915876513,0.14829868575330596,0.27140351373213795,0.8474512636789789,3.0
2026-01-07,-0.7775926246583776,0.3543105082014905,0.3681605215998608,0.4502686578426819,4.0
2026-01-08,-1.1261067000880036,0.9857617592294651,0.26346494807516135,0.052845236053913336,3.0
2026-01-09,-0.6119698794902522,0.6898322948610436,0.21992699916487718,0.4212167005348867,5.0
2026-01-10,-0.7564120132591479,0.009291911337025744,-0.028783220106600005,1.0186370442607762,2.0
2026-01-11,-0.7900554356149129,0.7442224613840773,0.6057994145002074,0.22877564357992888,3.0
2026-01-12,-0.2792661650551184,1.0512140353877755,-1.0622150021787384,0.8211190624832176,6.0
2026-01-13,-1.0255071989535065,0.6407200533688583,0.01176216134643926,1.3625965106627878,2.0
2026-01-14,-0.016463983895268042,0.45131051311957704,-0.7651198730736405,1.0132952094170649,3.0
2026-01-15,0.031867793418536065,1.1092902801267779,-0.10417241364723866,0.9766734240789648,11.0
2026-01-16,-0.23882506771509074,0.7248271586689266,0.28160477126476924,0.5491732843084337,4.0
2026-01-17,-0.7302701815479969,1.3244162577792693,0.110754300053725,0.6058046825822277,3.0
2026-01-18,-0.39963069234850945,1.0,-0.8756547181001137,1.0,1.0
2026-01-19,-0.6106501631658053,1.0970962280495524,0.34706441427435647,0.7964079440410019,3.0
2026-01-20,-0.3172326372161125,2.0479540837856187,0.6918654770229123,0.8031127064152626,2.0
2026-01-21,0.16709011557573794,0.9109954973887425,0.1243080350243172,0.8437111148899492,4.0
2026-01-22,-0.9053253729981028,1.0,0.3220984857338733,1.0,1.0
2026-01-23,0.16428618509867388,1.0461477734225237,-0.3856714195815847,0.3667933311126984,3.0
2026-01-24,-0.1866529122551576,0.4187002990451311,0.177891653751586,0.7071379129497177,3.0
2026-01-25,-0.8903823327254176,0.1717532218451163,0.22055528318567863,0.423827301936424,3.0
2026-01-26,-0.11299159148639,1.0,-1.428038741966916,1.0,1.0
2026-01-27,0.6602914323123904,1.0781835924169332,0.1747282814915547,1.2729191650104068,3.0
2026-01-28,-0.15721135975452194,0.9684839063934787,0.25052421702712163,0.6958589219116537,3.0
2026-01-29,-0.12387177083889338,0.9940263379777523,-0.45239105620161063,0.8623553736501798,6.0
2026-01-30,0.34109808428224137,1.4823855368914267,-0.045661001510646115,1.0645744076078945,2.0
2026-01-31,-0.27789897084675513,1.0511883267652893,0.11561276670916829,1.1209353871797672,5.0
2026-02-01,-0.267595226324184,0.586524522862179,-0.3811491816708244,0.8028771377811862,7.0
2026-02-02,0.6298665443812911,1.0069162481182954,-0.11350363401911051,1.026282715236359,4.0
2026-02-03,0.09830824854015952,0.7209328679616216,0.3580257458229885,1.5234242209912563,2.0
2026-02-04,-0.05371858389484103,0.38353739122755065,0.16662312354106593,0.9026728409265203,3.0
2026-02-05,1.3905491880323082,0.8422104176002541,0.7908686597136341,0.9127566543656987,5.0
2026-02-06,0.24919315588198138,0.955455215330082,0.3527436442821526,0.5145447408570041,4.0
2026-02-07,-0.4252809306162276,0.3985619401038796,-0.6856722490953919,0.030313005986433453,2.0
2026-02-08,-0.050732496675520086,0.4767118402627791,-0.4285434797909472,0.7857892287427891,4.0
2026-02-09,0.7215370478562897,2.23258359743281,1.3460450254535237,0.5404163835892473,2.0
2026-02-10,-0.37978862353069126,0.315964283777802,0.624174670701943,0.7684197923240722,2.0
2026-02-11,0.5587237876308481,0.49552079711365765,-0.16743390948759732,0.5857524467559458,3.0
2026-02-12,-0.41381376142058407,0.26085007219985135,-1.0144488249175063,0.4258312007103583,3.0
2026-02-13,0.3952312770781454,1.320344317262927,-0.10273800245581084,0.9496770939734741,5.0
2026-02-14,-0.03411329984438778,0.8235809195542736,0.3648621585786367,1.24616699341038,4.0
2026-02-15,-0.7071067811865475,1.0,0.7071067811865475,1.0,1.0
2026-02-16,0.21880952380952381,0.14781898901947355,0.4314285714285714,0.007407785326716229,2.0
2026-02-17,0.43395057544292515,1.5287858368039826,-0.3348201467469617,0.7315601355364605,2.0
2026-02-18,0.7436751728544653,0.8868592831331651,0.021188848350298727,0.4595982565291271,5.0
2026-02-19,-0.4833896817735984,0.3163837561245625,-0.4189588881509031,0.4075026583002402,2.0
2026-02-20,0.020517096888650065,0.019598034526123385,0.11889429629619447,0.6155680895042067,2.0
2026-02-21,-0.2129246905331358,1.0,-0.6360315688896795,1.0,1.0
2026-02-22,0.23958976916898306,1.2196353359828174,0.5831286644636172,1.02161162044185,2.0
2026-02-23,1.1423624391432252,0.016008906308240336,-0.3862995321932956,0.39695526089205196,2.0
2026-02-24,0.39317886011942843,1.0,-0.07650092287557304,1.0,1.0
2026-02-25,1.5184677876906032,1.0,1.4717137872566126,1.0,1.0
2026-02-26,0.2512929993173615,0.05372981277961981,0.3300385744897818,0.5269925375535047,2.0
2026-02-27,0.08534532587813826,0.5238394086980541,-0.42103925051258556,0.8267442668494421,3.0
2026-03-01,0.7702905495771011,0.905091573807577,0.17563437889537303,0.9091879981141692,4.0
2026-03-02,0.7876907932188724,1.0,1.469891037519085,1.0,1.0
2026-03-03,0.7071067811865476,1.0,0.7071067811865475,1.0,1.0
2026-03-04,-0.5562020102819474,1.0,-0.7436790436210693,1.0,1.0
2026-03-06,-0.4188902250820762,1.0,0.6259526328997501,1.0,1.0
2026-03-08,-1.9902614148209135,1.0,0.12572052104558096,1.0,1.0
2026-03-09,-0.019999999999999997,1.0,0.48,1.0,1.0
2026-03-10,0.03603571518116896,1.0,1.010696881979818,1.0,1.0
2026-03-11,0.9694800401098422,1.0,1.3512473187511758,1.0,1.0
2026-03-12,-0.45263099117012773,0.48032264534899816,-0.6363734532065608,1.119583788224907,2.0
2026-03-13,1.7524373003392244,1.0,0.8409920648446038,1.0,1.0
2026-03-14,-1.3690037571773566,0.11984769593457693,0.1526537561518904,0.19441571651705808,2.0
2026-03-15,-0.1863320869235197,0.10371912331835094,-2.1381533110884834,1.0042536544904472,2.0
2026-03-17,-1.2485838552977944,1.0,-0.3059438563947707,1.0,1.0
2026-03-18,-0.11299159148639,1.0,-1.428038741966916,1.0,1.0
2026-03-19,0.7071067811865475,1.0,-0.7071067811865476,1.0,1.0
2026-03-20,-0.760707188122739,0.9160081813237058,-0.9924681271708067,0.615989870815845,2.0
2026-03-21,-0.19618605611775566,0.7255280401344057,1.3439522911590944,0.5511937579598267,2.0
2026-03-22,0.4718873531049242,0.5811038948467844,0.2521276008976092,0.4239336214444343,2.0
2026-03-24,-0.4276833853529639,1.0,-0.4369653617529117,1.0,1.0
2026-03-27,0.24000000000000005,1.0,0.8,1.0,1.0
2026-03-28,-0.061240803835088106,1.0,-0.7677842431932864,1.0,1.0
2026-03-29,-0.5767197129732652,0.5213899663897353,-0.4641781275691503,1.0546086504429286,3.0
2026-03-30,-0.0541224995151316,0.24390004728211884,-0.5795499295965348,1.1769778366017756,3.0
2026-03-31,0.22311324801133728,1.0,-0.6946949078733258,1.0,1.0
2026-04-02,-0.22511302128138103,0.47787409541010817,0.2958599955833449,0.4452805401489704,3.0
2026-04-03,0.7071067811865475,1.0,0.7071067811865476,1.0,1.0
2026-04-04,-0.11299159148639,1.0,-1.428038741966916,1.0,1.0
2026-04-05,0.337012987012987,1.0,0.6233766233766234,1.0,1.0
2026-04-06,0.966301535217712,0.9083424113575508,0.11207551701337573,0.8110940212029182,2.0
2026-04-07,0.08464506172839506,0.07474817054209644,0.40383873456790126,0.09621780930728989,2.0
2026-04-08,-0.11299159148639,1.0,-1.428038741966916,1.0,1.0
2026-04-10,0.20277777777777775,1.0,0.7430555555555557,1.0,1.0
2026-04-12,1.7224002100877271,1.0,0.6259526328997501,1.0,1.0
2026-04-13,-0.23692185794921605,1.3350581047344132,0.5851330701803981,0.17249687635787295,2.0
2026-04-14,-0.7307201001214496,0.5902712011563027,-0.6582427081519361,0.753405253353381,3.0
2026-04-15,-0.074518182484497,0.8070825250692729,-0.1551679604720257,0.6904386943871199,3.0
2026-04-16,-0.4091153071660003,0.8309684812458984,0.3836035714586625,0.3597304024773784,2.0
2026-04-17,0.347863986736121,0.5207252819013648,-0.4702756849301304,1.0390397091643087,3.0
2026-04-20,-1.0547640692376203,0.11015257710255456,-0.0818925944300492,1.0580008393613358,2.0
2026-04-21,-0.55,1.0,0.55,1.0,1.0
2026-04-22,-0.8437494384094182,0.3124376640250794,0.2769083469746958,0.9302898072376219,2.0
2026-04-23,0.5266293152679014,0.8300820798009984,0.045769175101962906,0.7274338742930768,4.0
2026-04-24,0.05000000000000001,1.0,0.24166666666666664,1.0,1.0
2026-04-25,0.32781863354898905,1.0,-0.9224738935982593,1.0,1.0
2026-04-26,-0.42073407341795205,0.6249033786166162,0.35242610644508593,0.34009261770202703,3.0
2026-04-27,0.028493224370960395,0.7323807918260917,-0.6421150651811309,0.6932645829928522,3.0
2026-04-28,-0.2056881471214465,1.3109272616436896,0.717485225362614,0.07249011484968472,2.0
2026-04-29,-0.12106518251403409,0.6593498251604254,-0.8788998715499607,0.5765668165988256,3.0
2026-04-30,-0.2116514269928663,1.1596115662671986,0.04655130332651077,0.9922053837836399,3.0
2026-05-01,-0.5208564362806383,1.0,-0.5903324557467854,1.0,1.0
2026-05-03,-0.8273500144904282,0.27576028461579877,-0.9220217695238094,0.6269829575581538,2.0
2026-05-04,-0.13295445643905615,0.29023315341588507,0.4396590787509236,0.37957909432886,3.0
2026-05-06,-1.1326537034720108,1.0,0.6662269735834104,1.0,1.0
2026-05-07,0.6072751229941734,1.0,0.9498027012860228,1.0,1.0
2026-05-08,0.4558000987028298,0.8372608970186228,1.0258536622000503,0.4465896439812064,2.0
2026-05-09,-0.1545375047644043,0.028640356757301717,0.02829085990187528,0.6780129330992533,3.0
2026-05-11,0.9799417697407942,1.0,0.6252909358515337,1.0,1.0
2026-05-12,0.08436021074728511,1.1443095879624714,-0.10101857685709825,1.1932116893152882,2.0
2026-05-13,0.7019831850876055,0.591137782580953,0.1202278134362714,0.515610729433688,4.0
2026-05-14,0.007676165655341363,0.6986918767519416,-0.4228303047559501,0.9849156705035431,3.0
2026-05-15,0.4172327067461328,1.0,0.25975886613818155,0.6326454885607262,2.0
2026-05-16,0.18333333333333332,1.0,0.5666666666666668,1.0,1.0
2026-05-19,0.15354991757699787,0.8903732112701481,0.017288105257181538,0.7915422813914949,4.0
2026-05-20,0.29825637568206925,1.5597262712604787,0.4097862708636717,1.2535085819390193,4.0
2026-05-21,0.2553255505245699,0.6139999046755704,0.5001660371460592,0.6710938270261768,6.0
2026-05-22,-2.4245651753575066,1.0,1.3848770213956445,1.0,1.0
2026-05-24,-0.33365685923985733,1.0,-2.1869365176592535,1.0,1.0
2026-05-25,1.02733437197854,1.0,0.24133197529506484,1.0,1.0
2026-05-26,0.17932110056077108,0.7196007511360425,0.08624026054612957,0.9622513174857986,5.0
2026-05-27,0.3152643756520181,1.4647249244775755,-0.1610411407780335,0.5778272288984696,2.0
2026-05-28,0.8093360556400723,0.2813077229513935,0.8556855307352255,0.2751240454981667,3.0
2026-05-29,1.0588355236636247,0.9291442095066261,0.09033723493961576,1.456078872640985,4.0
2026-05-30,-0.3485578064307277,1.1274061971876843,-0.010099464540584635,1.4139971728741048,2.0
2026-05-31,0.7877762239753329,0.7495398786199554,-0.6940606065662998,0.06928784996088765,2.0
2026-06-01,0.1252003195879847,0.6419629724067666,1.324185298734859,0.6338184296124696,2.0
2026-06-05,-1.1608962221256764,1.0,1.6813516629772767,1.0,1.0
2026-06-06,-0.39108125839155927,1.0,0.7072335750067732,1.0,1.0
2026-06-08,0.14653092143052138,1.0,0.13410711343062287,1.0,1.0
2026-06-10,0.2193436949919808,0.8027047835899604,0.31184523127568453,0.6846130867240364,3.0
2026-06-11,-0.49474165258975483,0.6149907001692562,0.6015160707411381,0.036256355275340754,3.0
2026-06-12,-0.07981067362829349,0.9327457622696752,0.5095153503357225,0.1521772281126692,3.0
2026-06-13,-1.0345814564620346,1.0,-0.45303635749981097,1.0,1.0
2026-06-15,-0.6296008055211246,1.0,0.4172619823874617,1.0,1.0
2026-06-16,-0.11299159148639,1.0,-0.9447466537629945,1.0,1.0
2026-06-17,0.13383838383838384,1.0,0.347979797979798,1.0,1.0
2026-06-18,0.265226991218461,0.6165921711674999,0.014871667411143577,0.7453186128408371,6.0
2026-06-19,-0.2149578026849521,1.0,0.4245809294814497,1.0,1.0
2026-06-20,-1.2363451221766582,1.0,-0.6759575577678321,1.0,1.0
2026-06-22,0.14965929037045705,0.5768985195625153,-0.2794181436365765,0.7887736104123823,4.0
2026-06-23,-0.11299159148639,1.0,-1.428038741966916,1.0,1.0
2026-06-24,0.3561717988740602,1.0,-1.0099464540584708,1.0,1.0
2026-06-25,-0.7678834706838363,0.7870840287298144,0.30031582589756955,1.663408829902764,3.0
2026-07-01,-0.2659409082842331,0.2163029981712088,-1.1863926978649553,0.3417391128628,2.0
2026-07-02,-0.030551200771815685,1.0342568774296028,-0.2468355821541235,0.7918529289424898,3.0
2026-07-04,-0.07360800473343272,0.005102489227126889,0.5415970726785615,0.15782209370315786,2.0
2026-07-05,0.2881407614789735,0.36045634759598316,0.24795865535174394,0.9473666765048193,5.0
2026-07-06,-0.3934291649508559,0.3917424497327208,-0.6037344875470935,1.0057280587470803,3.0
2026-07-09,0.6584469170857091,1.0356493569424803,-0.14438494262335627,0.8435215319519302,4.0
2026-07-10,0.6723294559215056,0.04300431418515641,0.49460531259743473,1.1242467708878356,2.0
2026-07-12,-0.7071067811865475,1.0,-0.7071067811865476,1.0,1.0
2026-07-14,0.6740243450589165,0.18480937776111703,-0.28042771796985644,0.17116326806418256,2.0
2026-07-15,-0.6681187477829987,0.785068353276273,-0.812824495062676,0.8700443317371263,2.0
2026-07-16,-1.336586125869135,1.0,0.021837522644848343,1.0,1.0
2026-07-18,0.728250565547156,1.1419975807804534,0.5865175824745611,0.7151191611613423,3.0
2026-07-20,-0.7889416031608956,1.0,-0.49605873638288134,1.0,1.0
2026-07-21,-0.7148968774243384,0.3107370480069064,-0.10800312132294738,1.1992580125682553,3.0
2026-07-23,-1.1267274954389122,1.0,-1.1424522681478149,1.0,1.0
2026-07-24,-0.11299159148639,1.0,-1.428038741966916,1.0,1.0
2026-07-25,-0.8813153188769374,1.5056405631180012,-0.4634958187624172,1.6925720187373021,2.0
2026-07-26,-0.3753267069615092,0.781398584655316,0.945955363547144,0.5407391839215598,3.0
2026-07-27,-0.32230933349027924,0.638719184768306,-0.20516077308608766,1.0123328736171546,2.0
2026-07-28,-1.1326537034720108,1.0,0.6662269735834104,1.0,1.0
2026-07-31,0.14384551212900945,0.26124940716964906,0.23543175906386116,0.30602120970616714,3.0
2026-08-01,0.7132621158710191,1.0,0.06371590022906266,1.0,1.0
2026-08-04,0.8535906106249674,1.0,1.1293658598461724,1.0,1.0
2026-08-05,-0.40826352431858703,0.5695512663717316,-0.6286974122261527,0.7787686359297387,3.0
2026-08-06,0.29000000000000004,1.0,0.4666666666666666,1.0,1.0
2026-08-08,-0.051984126984127,1.0,0.39761904761904754,1.0,1.0
2026-08-11,0.3041429088713639,1.0,-0.2088246103615687,1.0,1.0
2026-08-12,-0.8352921193712023,1.0,-0.47597632163719406,1.0,1.0
2026-08-13,0.21193914733475258,1.0,0.7523883755064877,1.0,1.0
2026-08-16,1.152335001287374,1.0,0.5862953943099403,1.0,1.0
2026-08-19,-0.6188246892195103,1.0,1.1497935886803001,1.0,1.0
2026-08-20,0.47258446211387545,1.0,-0.30543339970171984,1.0,1.0
2026-08-21,2.3341974772791,1.0,1.955005875460534,1.0,1.0
2026-08-22,-0.14503257111089027,1.0,-1.21129042599197,1.0,1.0
2026-08-24,0.4992595999402583,0.8658539384946522,-0.28602689630161987,1.6150486405305917,2.0
2026-08-26,0.5423759153727068,0.23296462457539577,-0.8000180671208308,0.13139640066578803,2.0
2026-08-29,0.11121031746031747,1.0,0.39563492063492056,1.0,1.0
2026-08-31,-0.8959587241748312,0.24207074525553332,-0.21477927189784674,0.10680060468566097,2.0
2026-09-01,-0.268033347549124,0.5017478397459698,0.07896670076126644,0.6503580466041331,2.0
2026-09-04,0.3234441213804586,1.0,-1.0556215469351746,1.0,1.0
2026-09-05,0.26897707268600124,1.0,0.227684152805778,1.0,1.0
